City_ID,City,Lat,Lng,Max Temp,Humidity,Cloudiness,Wind Speed,Country,Date
0,bethel,41.3712,-73.414,0.52,41,87,0.89,US,1738787567
1,fortaleza,-3.7227,-38.5247,28.07,78,75,4.63,BR,1738787568
2,adamstown,-25.066,-130.1015,25.23,78,4,6.1,PN,1738787569
3,usogorsk,63.4106,48.6872,-13.39,100,94,1.94,RU,1738787570
4,grytviken,-54.2811,-36.5092,1.8,94,99,7.01,GS,1738787571
5,posto fiscal rolim de moura,-13.0833,-62.2667,27.08,90,100,1.27,BR,1738787572
6,novyy urengoy,66.0833,76.6333,-18.53,98,75,3.14,RU,1738787574
7,isafjordur,66.0755,-23.124,-0.21,73,70,19.38,IS,1738787575
8,puerto natales,-51.7236,-72.4875,14.25,44,75,2.57,CL,1738787576
9,st. john's,47.5649,-52.7093,-6.68,77,100,9.77,CA,1738787577
10,waitangi,-43.9535,-176.5597,13.79,85,89,3.13,NZ,1738787579
11,necochea,-38.5473,-58.7368,24.32,48,100,5.13,AR,1738787580
12,mossendjo,-2.9506,12.7261,21.7,97,84,1.0,CG,1738787581
13,ribeira grande,38.5167,-28.7,18.22,88,75,4.92,PT,1738787582
14,san patricio,28.017,-97.5169,28.97,58,99,7.32,US,1738787584
15,jiagedaqi,50.4167,124.1167,-23.24,98,100,1.87,CN,1738787585
16,hermanus,-34.4187,19.2345,16.0,57,100,5.22,ZA,1738787586
17,balsas,-7.5325,-46.0356,28.19,68,81,1.76,BR,1738787587
18,ariquemes,-9.9133,-63.0408,27.1,93,78,1.02,BR,1738787588
19,mount isa,-20.7333,139.5,26.87,83,100,2.06,AU,1738787589
20,toulepleu guere,6.574,-8.4259,25.61,31,28,1.19,CI,1738787591
21,abbeville,50.1,1.8333,2.49,88,100,1.19,FR,1738787593
22,port-aux-francais,-49.35,70.2167,7.26,96,99,10.43,TF,1738787594
23,longyearbyen,78.2186,15.6401,-0.09,55,20,5.14,SJ,1738787468
24,puerto carreno,6.189,-67.4859,35.99,41,20,5.14,CO,1738787596
25,san pedro pochutla,15.7333,-96.4667,32.06,44,1,3.72,MX,1738787597
26,vilyuchinsk,52.9306,158.4028,-0.85,88,100,9.89,RU,1738787598
27,al jawf,29.5,38.75,11.9,58,100,5.43,SA,1738787599
28,maintirano,-18.0667,44.0167,25.86,87,100,6.39,MG,1738787600
29,iqaluit,63.7506,-68.5145,-30.15,69,40,2.06,CA,1738787601
30,berdigestyakh,62.0989,126.6992,-42.99,100,60,0.84,RU,1738787602
31,bredasdorp,-34.5322,20.0403,17.72,53,100,2.9,ZA,1738787604
32,san rafael,-34.6177,-68.3301,33.54,13,0,3.08,AR,1738787605
33,bilibino,68.0546,166.4372,-41.99,95,6,1.28,RU,1738787606
34,ocean shores,46.9737,-124.1563,3.31,93,100,5.66,US,1738787607
35,skowhegan,44.7651,-69.7192,-7.19,50,24,2.1,US,1738787608
36,las heras,-46.5419,-68.9359,20.42,34,100,16.22,AR,1738787609
37,ugoofaaru,5.6667,73.0,27.12,71,9,4.25,MV,1738787610
38,popilnia,49.9665,29.4435,-3.06,75,56,4.39,UA,1738787611
39,utrik,11.2278,169.8474,26.32,82,100,9.53,MH,1738787612
40,yellowknife,62.456,-114.3525,-4.69,80,75,7.2,CA,1738787614
41,ust-nera,64.5667,143.2,-41.21,98,64,1.51,RU,1738787616
42,invercargill,-46.4,168.35,13.9,77,79,1.79,NZ,1738787506
43,nuku'alofa,-21.1333,-175.2,26.19,89,75,3.09,TO,1738787618
44,yuzhno-kurilsk,44.0306,145.8556,-2.08,77,40,6.84,RU,1738787619
45,new norfolk,-42.7826,147.0587,11.51,71,26,0.78,AU,1738787620
46,port elizabeth,-33.918,25.5701,20.73,95,87,1.79,ZA,1738787621
47,thompson,55.7435,-97.8558,-13.91,56,75,6.69,CA,1738787328
48,lazaro cardenas,17.9583,-102.2,28.82,53,0,4.2,MX,1738787624
49,georgetown,5.4112,100.3354,25.96,78,20,0.51,MY,1738787625
50,viqueque,-8.8673,126.3658,25.19,90,100,1.03,TL,1738787626
51,takoradi,4.8845,-1.7554,27.25,83,49,5.52,GH,1738787627
52,east london,-33.0153,27.9116,21.64,88,99,1.75,ZA,1738787628
53,hawaiian paradise park,19.5933,-154.9731,25.49,73,20,2.06,US,1738787629
54,edinburgh of the seven seas,-37.0676,-12.3116,18.83,94,93,11.86,SH,1738787630
55,albany,42.6001,-73.9662,-4.49,48,29,1.34,US,1738787631
56,whitehorse,60.7161,-135.0538,-21.57,84,75,2.57,CA,1738787632
57,talnakh,69.4865,88.3972,-23.41,97,76,3.0,RU,1738787635
58,maebaru-chuo,33.55,130.2,1.51,61,100,7.6,JP,1738787636
59,bandon,51.7469,-8.7425,4.77,85,4,1.45,IE,1738787637
60,asau,46.4333,26.4,-2.93,97,100,0.61,RO,1738787638
61,xining,36.6167,101.7667,-9.89,76,100,1.15,CN,1738787639
62,strezhevoy,60.7333,77.5889,-20.63,100,100,0.23,RU,1738787640
63,ilulissat,69.2167,-51.1,-23.99,53,75,3.6,GL,1738787641
64,lhokseumawe,5.1801,97.1507,24.51,87,72,1.54,ID,1738787642
65,ola,59.5833,151.2833,-24.41,80,11,3.69,RU,1738787644
66,harper,4.375,-7.7169,27.21,82,19,4.36,LR,1738787645
67,mamuju,-2.6748,118.8885,24.57,88,100,2.03,ID,1738787646
68,margaret river,-33.95,115.0667,19.0,81,0,7.86,AU,1738787647
69,tabou,4.423,-7.3528,27.07,84,8,3.96,CI,1738787648
70,slyudyanka,51.6594,103.7061,-22.55,94,93,1.52,RU,1738787649
71,sundargarh,22.1167,84.0333,19.96,44,3,3.54,IN,1738787650
72,iskateley,67.6803,53.1512,-9.82,93,78,6.9,RU,1738787651
73,finike,36.295,30.1406,5.49,47,0,5.77,TR,1738787652
74,merowe,18.4833,31.8167,21.53,15,12,7.94,SD,1738787654
75,atafu village,-8.5421,-172.5159,28.32,74,15,8.12,TK,1738787655
76,daru,-9.0763,143.2092,25.16,92,100,6.09,PG,1738787656
77,guaraciaba do norte,-4.1669,-40.7475,20.17,88,92,0.69,BR,1738787657
78,lisakovsk,52.5369,62.4936,-13.36,96,88,3.65,KZ,1738787658
79,murray bridge,-35.1167,139.2667,16.4,61,0,0.81,AU,1738787659
80,papatowai,-46.5619,169.4708,12.52,74,61,2.08,NZ,1738787660
81,mtwara,-10.2667,40.1833,26.66,85,100,5.41,TZ,1738787661
82,lobujya,27.95,86.8167,-14.69,14,0,1.49,NP,1738787662
83,ushuaia,-54.8,-68.3,12.81,54,40,2.06,AR,1738787663
84,kingston,17.997,-76.7936,32.53,46,20,2.06,JM,1738787665
85,port mathurin,-19.6833,63.4167,26.98,78,3,3.06,MU,1738787666
86,troy,42.6056,-83.1499,-2.9,70,0,2.06,US,1738787667
87,badger,64.8,-147.5333,-10.01,87,100,0.0,US,1738787668
88,tazacorte,28.629,-17.9293,17.54,71,40,4.63,ES,1738787669
89,ati,13.2154,18.3353,24.69,13,70,5.81,TD,1738787670
90,okahao,-17.885,15.0667,20.54,80,100,5.91,NA,1738787671
91,pangai,-19.8,-174.35,27.06,83,75,4.63,TO,1738787672
92,enewetak,11.3474,162.3373,26.94,73,100,7.5,MH,1738787673
93,cherkessk,44.2233,42.0578,-2.81,87,99,6.35,RU,1738787675
94,uturoa,-16.7333,-151.4333,28.02,73,80,5.69,PF,1738787676
95,puerto baquerizo moreno,-0.9,-89.6,30.55,58,20,6.17,EC,1738787677
96,summerside,46.3959,-63.7876,-13.93,51,92,7.72,CA,1738787678
97,minusinsk,53.7103,91.6875,-13.99,100,75,1.26,RU,1738787404
98,marshalltown,42.0494,-92.908,-2.65,88,100,7.72,US,1738787409
99,lihue,21.9789,-159.3672,23.77,69,40,3.6,US,1738787681
100,carnarvon,-24.8667,113.6333,26.12,77,3,6.38,AU,1738787682
101,qaqortoq,60.7167,-46.0333,-21.73,83,4,2.5,GL,1738787683
102,west island,-12.1568,96.8225,27.99,89,20,5.66,CC,1738787685
103,flying fish cove,-10.4217,105.6791,26.82,94,100,6.17,CX,1738787686
104,timmins,48.4669,-81.3331,-9.1,41,75,5.14,CA,1738787687
105,san antonio de pale,-1.4014,5.6325,27.47,80,100,3.47,GQ,1738787688
106,olonkinbyen,70.9221,-8.7187,-1.5,78,70,11.2,SJ,1738787689
107,yorkton,51.2167,-102.4677,-16.09,78,100,1.54,CA,1738787402
108,carbonear,47.7332,-53.2148,-7.7,73,99,8.76,CA,1738787692
109,tiksi,71.6872,128.8694,-29.8,97,100,3.32,RU,1738787693
110,outjo,-20.1167,16.15,18.69,93,100,4.4,NA,1738787694
111,acapulco de juarez,16.8634,-99.8901,28.9,65,0,5.14,MX,1738787567
112,buenaventura,3.8801,-77.0312,29.06,79,40,3.6,CO,1738787697
113,guerrero negro,27.9769,-114.0611,18.07,60,0,6.78,MX,1738787698
114,klyuchi,52.2667,79.1667,-16.1,84,5,5.01,RU,1738787699
115,djibo,14.1022,-1.6306,27.55,14,100,4.07,BF,1738787700
116,karasburg,-28.0167,18.75,24.36,33,100,6.03,NA,1738787702
117,stanley,54.868,-1.6985,1.4,88,0,2.06,GB,1738787703
118,padang,-0.9492,100.3543,24.03,87,94,1.91,ID,1738787704
119,gargalianoi,37.0667,21.6333,8.59,76,0,1.42,GR,1738787705
120,dahlonega,34.5326,-83.9849,22.73,65,100,1.48,US,1738787707
121,tobruk,32.0836,23.9764,13.73,64,100,7.78,LY,1738787708
122,blackmans bay,-43.0167,147.3167,10.85,84,61,1.61,AU,1738787709
123,katoomba,-33.7198,150.3074,16.03,95,50,0.49,AU,1738787710
124,abaete,-19.16,-45.4458,25.97,64,83,1.02,BR,1738787711
125,tura,25.5198,90.2201,15.55,62,0,1.85,IN,1738787712
126,kharovsk,59.9642,40.1912,-2.98,95,100,1.84,RU,1738787713
127,nemuro,43.3236,145.575,-0.3,74,9,10.63,JP,1738787701
128,kodiak,57.79,-152.4072,-4.27,86,0,0.0,US,1738787716
129,mahina,-17.5065,-149.489,30.87,66,40,3.6,PF,1738787717
130,novodvinsk,64.4165,40.8122,-6.14,90,100,4.83,RU,1738787718
131,puerto ayora,-0.7393,-90.3518,26.42,92,17,2.24,EC,1738787719
132,punta arenas,-53.15,-70.9167,16.06,36,0,7.2,CL,1738787703
133,kourou,5.1552,-52.6478,25.01,93,93,2.96,GF,1738787721
134,el calafate,-50.3408,-72.2768,14.4,47,56,3.28,AR,1738787722
135,chonchi,-42.6128,-73.8092,18.95,62,75,3.41,CL,1738787723
136,aswan,24.0934,32.907,17.61,36,0,2.06,EG,1738787724
137,wailua homesteads,22.0669,-159.378,23.44,78,40,3.6,US,1738787726
138,rayevskiy,54.0658,54.9468,-11.82,90,62,1.11,RU,1738787727
139,tralee,52.2704,-9.7026,3.49,86,1,1.97,IE,1738787728
140,touros,-5.1989,-35.4608,27.45,75,100,4.91,BR,1738787729
141,coahuayana de hidalgo,18.7,-103.6583,30.87,50,0,3.05,MX,1738787730
142,qingdao,36.0986,120.3719,-8.22,67,0,1.0,CN,1738787570
143,alofi,-19.0595,-169.9187,26.94,83,100,4.12,NU,1738787732
144,anadyr,64.75,177.4833,-37.72,74,0,4.0,RU,1738787733
145,vorgashor,67.5833,63.95,-13.95,98,98,3.2,RU,1738787734
146,bumba,2.1833,22.4667,26.9,51,86,1.21,CD,1738787736
147,geraldton,-28.7667,114.6,22.23,88,75,2.06,AU,1738787738
148,sinabang,2.4803,96.3801,26.14,83,96,1.48,ID,1738787739
149,kailua-kona,19.6406,-155.9956,25.98,62,75,2.57,US,1738787740
150,selfoss,63.9331,-20.9971,5.58,81,100,20.59,IS,1738787741
151,kushnarenkovo,55.105,55.3508,-10.12,86,88,1.73,RU,1738787742
152,vadso,70.0744,29.7487,-3.91,86,75,9.26,NO,1738787743
153,kyabe,9.4515,18.9449,30.38,14,100,3.01,TD,1738787744
154,al kharijah,25.4514,30.5464,14.66,44,86,3.52,EG,1738787746
155,pisco,-13.7,-76.2167,26.03,69,0,6.17,PE,1738787747
156,pozo alcon,37.7026,-2.9337,6.97,48,0,1.8,ES,1738787748
157,westport,41.1415,-73.3579,1.29,38,0,5.14,US,1738787749
158,suva,-18.1416,178.4415,24.71,100,75,1.54,FJ,1738787750
159,beoumi,7.6736,-5.5764,27.68,21,54,0.78,CI,1738787751
160,saint-philippe,-21.3585,55.7679,27.59,82,37,4.75,RE,1738787752
161,olyokminsk,60.3736,120.4264,-40.7,100,87,0.53,RU,1738787753
162,sofifi,0.7349,127.576,26.24,87,100,2.12,ID,1738787754
163,balabac,7.9868,117.0645,25.7,85,100,4.28,PH,1738787756
164,dunedin,-45.8742,170.5036,11.56,98,97,0.89,NZ,1738787757
165,khovd,48.0056,91.6419,-17.33,61,0,3.12,MN,1738787758
166,barranca,-10.75,-77.7667,23.75,71,91,3.55,PE,1738787759
167,chul'man,56.8479,124.9104,-35.64,100,99,1.42,RU,1738787760
168,portrush,55.1959,-6.6493,5.83,70,13,2.68,GB,1738787761
169,pajok,3.8651,32.4821,25.58,27,100,1.81,SS,1738787762
170,grand falls-windsor,48.9332,-55.6649,-12.5,59,94,3.58,CA,1738787763
171,fort bragg,35.139,-79.006,12.73,55,100,4.63,US,1738787478
172,vilyuysk,63.7553,121.6247,-45.71,100,62,1.39,RU,1738787765
173,minas de marcona,-15.2119,-75.1103,22.13,64,93,6.55,PE,1738787767
174,malemort-sur-correze,45.1701,1.5619,3.97,82,10,1.98,FR,1738787768
175,bandirma,40.3522,27.9767,4.01,65,75,7.72,TR,1738787769
176,weno,7.4515,151.8468,27.97,83,100,3.6,FM,1738787770
177,levuka,50.1834,-105.4011,-17.16,95,100,3.82,CA,1738787771
178,tamanrasset,22.785,5.5228,13.95,62,40,2.06,DZ,1738787772
179,borcka,41.3632,41.6765,3.2,94,100,0.43,TR,1738787773
180,new haven,41.4001,-72.9329,0.48,39,0,4.63,US,1738787774
181,dudinka,69.4058,86.1778,-22.13,99,99,3.23,RU,1738787775
182,minas de matahambre,22.5887,-83.9447,27.98,47,1,4.67,CU,1738787778
183,orcopampa,-15.2661,-72.3417,14.09,55,100,5.99,PE,1738787779
184,bengkulu,-3.8004,102.2655,23.37,91,97,2.58,ID,1738787780
185,atar,20.5169,-13.0499,19.76,14,0,4.12,MR,1738787781
186,codrington,-38.2667,141.9667,16.86,82,75,2.62,AU,1738787782
187,pacific grove,36.6177,-121.9166,14.1,65,0,4.63,US,1738787783
188,afaahiti,-17.75,-149.2833,25.93,80,84,6.71,PF,1738787784
189,bubaque,11.2833,-15.8333,24.37,70,93,5.66,GW,1738787786
190,jamestown,42.097,-79.2353,-2.77,56,0,2.06,US,1738787616
191,ancud,-41.8697,-73.8203,15.23,69,98,5.17,CL,1738787788
192,tsiombe,-25.3,45.4833,25.64,91,49,4.88,MG,1738787789
193,mar del plata,-38.0023,-57.5575,22.01,83,100,8.05,AR,1738787790
194,souillac,-20.5167,57.5167,27.21,89,20,1.54,MU,1738787791
195,itoman,26.1247,127.6694,12.27,54,10,4.29,JP,1738787792
196,savanna-la-mar,18.219,-78.1332,28.29,52,11,3.65,JM,1738787793
197,the pas,53.8251,-101.2541,-15.99,78,100,3.09,CA,1738787794
198,stropkov,49.2021,21.6522,-0.67,74,35,2.29,SK,1738787796
199,male,4.1748,73.5089,26.97,78,20,3.6,MV,1738787797
200,lata,40.1629,-8.3327,6.35,79,48,1.75,PT,1738787798
201,boende,-0.2167,20.8667,23.5,77,91,1.35,CD,1738787799
202,hamilton,39.1834,-84.5333,2.19,80,100,2.24,US,1738787800
203,dieppe,49.75,1.1667,4.35,91,100,1.22,FR,1738787801
204,port lincoln,-34.7333,135.8667,17.43,81,0,4.04,AU,1738787802
205,qamdo,31.1667,97.2333,-3.85,69,15,2.76,CN,1738787803
206,luau,-10.7073,22.2247,18.5,87,100,1.49,AO,1738787804
207,queenstown,-31.8976,26.8753,15.01,89,100,3.56,ZA,1738787806
208,la victoria,10.2184,-67.3302,28.13,48,75,2.75,VE,1738787807
209,wenchang,30.904,118.4887,0.59,51,30,1.23,CN,1738787808
210,puerto colombia,10.9878,-74.9547,30.05,77,97,10.17,CO,1738787809
211,puerto la cruz,10.2167,-64.6167,26.3,73,0,9.19,VE,1738787810
212,coquimbo,-29.9533,-71.3436,21.85,73,0,7.2,CL,1738787811
213,bousso,10.4795,16.7117,26.66,14,42,3.62,TD,1738787812
214,college,64.8569,-147.8028,-9.33,80,100,0.0,US,1738787813
215,santa ana,33.7456,-117.8678,18.05,77,100,3.09,US,1738787814
216,kapa'a,22.0752,-159.319,24.18,78,40,3.6,US,1738787816
217,oistins,13.0667,-59.5333,29.05,65,75,9.26,BB,1738787817
218,haiku-pauwela,20.9219,-156.3051,23.47,78,40,8.05,US,1738787818
219,la tuque,47.4334,-72.7824,-10.86,40,100,4.12,CA,1738787819
220,lospalos,-8.5186,127.0025,22.59,96,100,1.79,TL,1738787820
221,cobourg,50.2667,10.9667,-0.14,89,81,0.82,DE,1738787821
222,ta`u,-14.2336,-169.5144,27.83,76,100,3.87,AS,1738787823
223,newman,37.3138,-121.0208,12.8,56,0,3.58,US,1738787825
224,rio verde,21.9333,-99.9833,27.85,37,0,2.96,MX,1738787827
225,edd,13.9297,41.6925,25.37,52,0,9.99,ER,1738787828
226,sorochinsk,52.4338,53.1583,-7.52,84,64,5.61,RU,1738787829
227,grajau,-5.8194,-46.1386,25.87,86,30,1.41,BR,1738787830
228,port alfred,-33.5906,26.891,20.66,99,100,4.28,ZA,1738787831
229,crane,31.3974,-102.3501,28.47,18,0,3.62,US,1738787833
230,labytnangi,66.6572,66.4183,-16.12,97,100,2.72,RU,1738787834
231,karratha,-20.7377,116.8463,30.15,71,73,5.29,AU,1738787835
232,witu,-2.3889,40.4382,23.55,91,100,3.27,KE,1738787836
233,obligado,-27.0333,-55.6333,36.73,32,50,2.43,PY,1738787837
234,gordonvale,-17.0936,145.7842,24.88,97,100,1.03,AU,1738787838
235,raja,8.4596,25.678,25.78,23,79,1.65,SS,1738787839
236,sokoni,-6.4333,39.55,26.85,80,100,6.79,TZ,1738787840
237,karamay,45.6004,84.8661,-14.97,90,46,0.49,CN,1738787841
238,korla,41.7597,86.1469,-8.54,75,100,2.34,CN,1738787843
239,phan thiet,10.9333,108.1,20.0,84,100,1.78,VN,1738787844
240,springs,-26.25,28.4,20.83,44,75,2.33,ZA,1738787845
241,avarua,-21.2078,-159.775,29.03,79,100,2.57,CK,1738787846
242,brookings,44.3114,-96.7984,-8.23,79,100,7.2,US,1738787609
243,tromso,69.6496,18.957,2.01,87,75,9.26,NO,1738787848
244,belle fourche,44.6714,-103.8522,-9.27,83,100,5.69,US,1738787849
245,port moresby,-9.4431,147.1797,24.68,94,40,1.54,PG,1738787851
246,bodo,67.28,14.405,2.65,92,75,8.75,NO,1738787854
247,yangjiang,21.85,111.9667,15.33,42,99,2.14,CN,1738787656
248,antsiranana,-12.2787,49.2917,25.17,86,100,3.27,MG,1738787857
249,remire-montjoly,4.9167,-52.2667,28.02,83,75,5.14,GF,1738787858
250,bereket,39.2446,55.5154,6.2,52,61,4.55,TM,1738787861
251,hafar al-batin,28.4328,45.9708,22.32,23,40,4.12,SA,1738787862
252,el maamoura,36.465,10.8061,11.57,74,100,3.6,TN,1738787863
253,paracuru,-3.41,-39.0306,27.05,77,81,4.92,BR,1738787864
254,mohammedia,33.7066,-7.3944,15.85,82,2,3.09,MA,1738787865
255,vera cruz,-12.6333,-41.0333,27.86,47,27,3.08,BR,1738787866
256,nyurba,63.2842,118.3319,-45.01,100,60,1.62,RU,1738787867
257,sao joao da barra,-21.6403,-41.0511,29.05,85,0,6.83,BR,1738787869
258,mili,6.0815,171.735,27.06,83,84,9.68,MH,1738787870
259,la'ie,21.6477,-157.9253,25.03,78,100,1.34,US,1738787871
260,cambridge,43.3601,-80.3127,-2.72,67,100,2.06,CA,1738787872
261,houmt el souk,33.8758,10.8575,14.97,77,40,4.63,TN,1738787873
262,alice springs,-23.7,133.8833,23.75,46,48,0.0,AU,1738787874
263,gorontalo,0.5412,123.0595,24.08,94,100,1.49,ID,1738787875
264,naze,28.3667,129.4833,10.51,52,99,7.7,JP,1738787876
265,igarka,67.4667,86.5833,-22.3,99,99,1.01,RU,1738787877
266,hasaki,35.7333,140.8333,3.49,35,1,7.68,JP,1738787878
267,kristiansund,63.1115,7.732,5.63,70,75,4.63,NO,1738787880
268,noumea,-22.2763,166.4572,28.52,88,95,2.15,NC,1738787881
269,port saint john's,-31.6229,29.5448,22.53,92,100,4.12,ZA,1738787882
270,saint-louis,16.3333,-15.0,22.75,11,3,4.14,SN,1738787883
271,okhotsk,59.3833,143.3,-22.49,67,23,7.01,RU,1738787884
272,tolanaro,-25.0319,46.9987,25.54,91,2,5.02,MG,1738787885
273,letterkenny,54.95,-7.7333,2.21,95,9,1.63,IE,1738787886
274,kone,-21.0595,164.8658,27.89,78,95,2.08,NC,1738787887
275,sumbe,-11.2061,13.8437,25.8,88,80,2.79,AO,1738787888
276,ormara,25.2088,64.6357,20.41,51,0,2.77,PK,1738787891
277,fale old settlement,-9.3852,-171.2468,28.45,75,96,7.85,TK,1738787892
278,hithadhoo,-0.6,73.0833,27.75,64,25,5.38,MV,1738787893
279,saint-pierre,-21.3393,55.4781,27.82,78,0,2.06,RE,1738787894
280,petropavlovsk-kamchatsky,53.0452,158.6483,-1.67,47,20,8.0,RU,1738787895
281,byarozawka,53.7214,25.4993,-1.63,95,100,1.76,BY,1738787896
282,tomohon,1.3346,124.8392,19.52,96,100,0.63,ID,1738787897
283,nuriootpa,-34.4833,139.0,19.36,42,0,2.01,AU,1738787899
284,taroa,8.7058,171.2275,26.84,86,62,9.64,MH,1738787900
285,el haouaria,37.05,11.0144,11.01,63,90,2.89,TN,1738787901
286,port blair,11.6667,92.75,24.02,94,40,1.03,IN,1738787902
287,harstad,68.799,16.5293,2.31,90,38,2.24,NO,1738787904
288,mount pearl,47.5166,-52.7813,-7.14,77,100,9.77,CA,1738787905
289,pekan,3.4836,103.3996,23.64,87,100,3.25,MY,1738787906
290,franceville,-1.6333,13.5836,23.59,85,99,0.84,GA,1738787908
291,finspang,58.7058,15.7674,0.62,92,0,2.11,SE,1738787909
292,ulsteinvik,62.3432,5.8487,6.07,79,83,6.18,NO,1738787910
293,osterburg,52.7833,11.7667,3.94,99,100,2.5,DE,1738787911
294,adygeysk,44.88,39.19,0.98,80,0,6.0,RU,1738787912
295,arteche,12.2645,125.4048,25.13,92,100,4.39,PH,1738787914
296,holualoa,19.6228,-155.9522,24.75,61,75,2.57,US,1738787915
297,khandyga,62.6667,135.6,-43.15,100,50,0.39,RU,1738787916
298,sabang,5.8933,95.3214,26.85,79,73,4.38,ID,1738787918
299,aasiaat,68.7098,-52.8699,-31.58,98,52,1.43,GL,1738787919
300,mawlaik,23.6333,94.4167,13.34,74,2,0.7,MM,1738787920
301,san luis de la loma,17.2706,-100.8939,29.72,51,0,3.4,MX,1738787921
302,arraial do cabo,-22.9661,-42.0278,28.98,57,20,10.29,BR,1738787922
303,yurgamysh,55.3714,64.4656,-12.45,98,97,2.37,RU,1738787924
304,kataba,8.4604,-0.7732,32.64,12,1,0.81,GH,1738787925
305,sherpur,25.0188,90.0175,16.09,71,0,2.93,BD,1738787927
306,kharp,66.8014,65.8081,-13.85,98,100,1.37,RU,1738787929
307,bouca,6.5105,18.2733,27.3,15,100,1.69,CF,1738787931
308,papao,-17.75,-149.55,27.21,78,76,6.31,PF,1738787932
309,caxito,-8.5785,13.6643,25.55,90,97,1.33,AO,1738787933
310,smithers,54.7804,-127.1743,-17.82,85,0,2.06,CA,1738787700
311,labasa,-16.4167,179.3833,27.67,78,100,2.94,FJ,1738787935
312,dumas,35.8656,-101.9732,25.08,7,0,9.77,US,1738787936
313,sinfra,6.6167,-5.9167,26.51,23,0,0.88,CI,1738787938
314,hilo,19.7297,-155.09,25.05,73,20,2.68,US,1738787939
315,celanova,42.153,-7.9551,4.54,77,100,1.54,ES,1738787940
316,lompoc,34.6391,-120.4579,14.27,84,100,3.6,US,1738787856
317,fortuna,40.5982,-124.1573,9.99,89,75,6.69,US,1738787942
318,yilan,24.757,121.753,13.37,97,100,1.11,TW,1738787836
319,upington,-28.4478,21.2561,26.06,47,100,2.48,ZA,1738787944
320,isla mujeres,21.2311,-86.731,28.03,71,20,5.81,MX,1738787945
321,laurel,39.0993,-76.8483,4.29,50,40,3.6,US,1738787946
322,nampula,-15.1165,39.2666,21.07,94,99,0.59,MZ,1738787948
323,harnosand,62.6323,17.9379,-3.0,79,6,4.73,SE,1738787949
324,brainerd,46.358,-94.2008,-7.78,53,100,3.09,US,1738787950
325,tucurui,-3.7661,-49.6725,26.45,88,61,1.44,BR,1738787951
326,luanda,-8.8368,13.2343,26.52,83,99,4.55,AO,1738787720
327,antalaha,-14.9003,50.2788,24.72,87,100,1.56,MG,1738787953
328,olovyannaya,50.95,115.5667,-22.56,93,100,5.44,RU,1738787954
329,tindouf,27.6711,-8.1474,17.25,20,0,2.57,DZ,1738787955
330,rongelap,11.1635,166.8941,26.88,80,98,8.73,MH,1738787956
331,cambria,35.5641,-121.0808,13.36,81,48,1.79,US,1738787958
332,uliastay,47.7417,96.8444,-26.42,91,18,2.76,MN,1738787959
333,tan-tan,28.438,-11.1032,15.66,58,0,6.86,MA,1738787960
334,moires,35.0532,24.8744,10.07,53,76,9.39,GR,1738787961
335,cabo san lucas,22.8909,-109.9124,26.17,38,0,2.57,MX,1738787962
336,san fernando de apure,7.8878,-67.4724,36.25,27,15,3.91,VE,1738787963
337,kolomyia,48.5306,25.0403,0.1,99,100,1.61,UA,1738787964
338,tionk essil,12.7856,-16.5217,23.06,31,57,4.03,SN,1738787965
339,taro,-8.3862,115.28,21.11,93,100,1.13,ID,1738787966
340,homestead meadows south,31.811,-106.1643,25.73,12,0,5.19,US,1738787968
341,broken hill,-31.95,141.4333,27.13,52,0,4.92,AU,1738787969
342,mazagao,-0.115,-51.2894,25.33,92,86,1.73,BR,1738787970
343,vada,51.97,5.6667,5.53,96,100,1.03,NL,1738787971
344,acarau,-2.8856,-40.12,26.8,78,93,5.37,BR,1738787972
345,beau vallon,-20.4189,57.6953,27.13,89,20,1.54,MU,1738787973
346,ad dawadimi,24.5077,44.3924,17.64,19,100,7.13,SA,1738787974
347,saran,47.9501,1.876,5.01,93,100,4.63,FR,1738787975
348,ambovombe,-25.1667,46.0833,24.8,92,11,3.94,MG,1738787976
349,cockburn town,21.4612,-71.1419,24.15,67,0,10.16,TC,1738787977
350,caleta de carquin,-11.0925,-77.6267,24.1,74,86,3.63,PE,1738787979
351,siwana,25.6333,72.4167,14.46,23,0,2.1,IN,1738787980
352,camacupa,-12.0167,17.4833,17.39,90,100,0.91,AO,1738787981
353,mottola,40.6353,17.0353,7.99,71,0,4.72,IT,1738787982
354,lake monticello,37.9232,-78.3347,4.23,52,100,0.45,US,1738787983
355,ushibukamachi,32.1906,130.0228,3.97,72,100,8.68,JP,1738787984
356,krasnovishersk,60.4078,57.082,-8.21,94,100,1.11,RU,1738787985
357,canubing no 2,13.35,121.1333,24.23,92,100,1.76,PH,1738787986
358,toamasina,-18.1667,49.3833,24.76,91,100,3.4,MG,1738787987
359,mount gambier,-37.8333,140.7667,14.17,94,13,2.05,AU,1738787813
360,sansanne-mango,10.3592,0.4708,29.07,9,0,2.96,TG,1738787990
361,bandarbeyla,9.4942,50.8122,22.81,76,29,6.71,SO,1738787991
362,fisterra,42.9049,-9.2629,12.56,75,100,2.01,ES,1738787992
363,tazovsky,67.4667,78.7,-20.32,99,33,3.28,RU,1738787993
364,viedma,-40.8135,-62.9967,29.81,24,0,4.96,AR,1738787994
365,hami,42.8,93.45,-7.54,45,0,1.25,CN,1738787996
366,miches,18.9836,-69.0476,24.82,76,52,5.31,DO,1738787997
367,kupang,-10.1667,123.5833,26.32,94,100,0.51,ID,1738787999
368,howard springs,-12.497,131.047,24.95,100,96,2.69,AU,1738788000
369,punta del este,-34.9667,-54.95,22.06,99,100,5.81,UY,1738788001
370,kulhudhuffushi,6.6221,73.07,27.11,75,29,3.85,MV,1738788002
371,ploneour-lanvern,47.9,-4.2833,8.18,81,0,3.09,FR,1738788003
372,shizunai-furukawacho,42.3339,142.3669,0.92,85,100,12.04,JP,1738788004
373,lerwick,60.1545,-1.1494,7.1,78,7,8.34,GB,1738788005
374,tingo maria,-9.2895,-76.0088,31.17,55,40,2.57,PE,1738788006
375,barakani,-12.1356,44.4317,26.83,81,97,7.37,KM,1738788007
376,egilsstadir,65.2653,-14.3948,6.95,70,100,16.46,IS,1738788008
377,sitka,57.0531,-135.33,1.94,60,0,0.0,US,1738787750
378,wanning,18.8003,110.3967,19.02,84,85,2.29,CN,1738787926
379,tambo,-14.8,-73.9167,7.46,91,100,3.85,PE,1738788012
380,chikwawa,-16.0335,34.8009,23.17,80,91,0.98,MW,1738788013
381,den helder,52.9599,4.7593,3.99,93,100,1.03,NL,1738788014
382,udachny,66.4167,112.4,-25.13,100,100,2.01,RU,1738788015
383,peterhof,59.8833,29.9,-3.95,92,100,6.41,RU,1738788016
384,kralendijk,12.15,-68.2667,29.99,58,40,7.2,BQ,1738788017
385,sittwe,20.15,92.9,19.31,56,4,4.66,MM,1738788018
386,fuyu,45.1833,124.8167,-24.65,98,100,2.03,CN,1738787957
387,susanville,40.4163,-120.653,4.91,42,0,6.69,US,1738787799
388,ust'-ilimsk,58.0006,102.6619,-23.79,97,100,2.08,RU,1738788022
389,mengyin,35.7069,117.9264,-5.13,24,15,0.88,CN,1738788023
390,pontian kechil,1.4866,103.3896,23.82,89,100,3.52,MY,1738788024
391,veinticinco de mayo,-35.4323,-60.1727,19.32,85,98,4.81,AR,1738788025
392,melfort,52.8667,-104.6177,-18.93,78,100,1.54,CA,1738788026
393,diamantino,-14.4086,-56.4461,24.82,80,100,3.43,BR,1738788029
394,midvagur,62.0511,-7.1939,8.46,81,100,10.29,FO,1738788030
395,kavaratti,10.5669,72.642,27.03,73,10,3.93,IN,1738788031
396,sarmiento,-45.5882,-69.07,20.49,39,100,12.9,AR,1738788032
397,shuangyang,43.5242,125.6736,-21.14,93,97,1.42,CN,1738787959
398,pervari,37.9357,42.5493,4.64,94,100,1.93,TR,1738788034
399,happy valley-goose bay,53.3168,-60.3315,-16.83,51,0,4.12,CA,1738788035
400,santa cruz,-17.8,-63.1667,33.7,55,20,7.72,BO,1738788036
401,ilha de mocambique,-15.0342,40.7358,26.0,84,100,2.69,MZ,1738788037
402,grande prairie,55.1667,-118.8027,-27.9,69,75,0.0,CA,1738787613
403,susuman,62.7833,148.1667,-44.79,95,68,0.34,RU,1738788040
404,namibe,-15.1961,12.1522,23.25,83,100,2.53,AO,1738788041
405,zahedan,29.4963,60.8629,5.95,31,0,2.06,IR,1738788042
406,ouddorp,51.8117,3.9347,5.55,87,100,3.21,NL,1738788043
407,at taj,24.2049,23.2857,13.78,47,100,4.76,LY,1738788044
408,agdzhabedy,40.0528,47.4614,6.46,69,100,3.47,AZ,1738788045
409,ulladulla,-35.35,150.4667,20.91,82,32,0.41,AU,1738788046
410,aykhal,66.0,111.5,-27.78,100,99,2.07,RU,1738788047
411,piti village,13.4626,144.6933,27.49,82,75,7.2,GU,1738788048
412,gremyachinsk,58.5603,57.851,-18.37,99,100,1.6,RU,1738788050
413,kaliua,-5.0606,31.7936,20.11,89,100,1.28,TZ,1738788051
414,timbuktu,16.7735,-3.0074,23.0,16,70,4.93,ML,1738788052
415,saipan,15.1355,145.701,27.39,78,0,6.17,MP,1738788053
416,khulna,22.8135,89.5672,19.15,64,12,1.21,BD,1738788055
417,essaouira,31.5125,-9.77,16.72,63,0,1.54,MA,1738788056
418,margate,51.3813,1.3862,6.5,86,100,4.36,GB,1738788057
419,kargasok,59.0556,80.8572,-24.0,100,100,1.88,RU,1738788059
420,salinopolis,-0.6136,-47.3561,26.68,79,83,4.74,BR,1738788060
421,byron bay,-28.65,153.6167,22.74,86,29,1.2,AU,1738788061
422,helong,42.5397,128.9972,-21.6,90,10,2.88,CN,1738788062
423,mandera,3.9366,41.867,28.86,30,24,3.8,KE,1738788063
424,kapuskasing,49.4169,-82.4331,-9.95,57,75,8.23,CA,1738788064
425,darlowo,54.421,16.4107,3.77,92,5,5.3,PL,1738788065
426,kanniyakumari,8.0833,77.5667,25.07,76,1,8.0,IN,1738788066
427,castillos,-34.1667,-53.8333,22.99,90,100,3.22,UY,1738788067
428,ulanhot,46.0833,122.0833,-20.04,90,100,1.53,CN,1738788068
429,puerto real,36.5282,-6.1901,13.47,66,0,1.03,ES,1738788070
430,callao,-12.0667,-77.15,26.16,69,0,6.17,PE,1738788071
431,gaiman,-43.2897,-65.4929,28.11,16,93,5.92,AR,1738788072
432,bardai,11.65,7.2333,21.66,11,0,4.52,NG,1738788073
433,kununurra,-15.7667,128.7333,26.99,74,99,3.6,AU,1738788074
434,piracanjuba,-17.3028,-49.0167,24.18,81,99,0.68,BR,1738788075
435,yangambi,0.8102,24.4336,25.03,59,100,0.43,CD,1738788076
436,dabakala,8.3667,-4.4333,29.21,16,28,1.32,CI,1738788077
437,bintulu,3.1667,113.0333,24.23,94,40,0.0,MY,1738788079
438,richfield,44.8833,-93.283,-4.55,62,100,5.66,US,1738788080
439,la foa,-21.7108,165.8276,26.22,81,95,4.41,NC,1738788081
440,vilppula,62.0212,24.5048,1.19,98,100,3.9,FI,1738788082
441,escanaba,45.7453,-87.0646,-2.78,68,20,4.12,US,1738788083
442,salekhard,66.53,66.6019,-16.27,96,100,3.18,RU,1738788084
443,sisimiut,66.9395,-53.6735,-22.28,96,98,2.3,GL,1738788085
444,plastun,44.7561,136.2939,-14.38,58,100,7.32,RU,1738788086
445,vernon,50.2581,-119.2691,-10.31,42,24,1.34,CA,1738787950
446,sandur,15.1,76.55,21.2,51,0,3.85,IN,1738788089
447,walvis bay,-22.9575,14.5053,19.04,79,89,2.81,NA,1738788090
448,malvan,16.0667,73.4667,24.04,67,5,5.02,IN,1738788091
449,madang,-5.2246,145.7966,24.31,92,100,2.29,PG,1738788092
450,choma,-16.8065,26.9531,18.53,77,78,0.53,ZM,1738788093
451,ezhva,61.8128,50.7283,-5.12,93,100,2.0,RU,1738788094
452,howrah,22.5892,88.3103,23.0,88,10,0.0,IN,1738788095
453,akureyri,65.6835,-18.0878,4.96,93,100,22.64,IS,1738788096
454,vilhena,-12.7406,-60.1458,23.12,94,100,3.09,BR,1738788097
455,praia da vitoria,38.7333,-27.0667,18.14,88,20,3.92,PT,1738788099
456,turpan,42.9333,89.1667,-3.89,61,7,0.8,CN,1738788100
457,alotau,-10.3069,150.4462,26.19,86,100,2.92,PG,1738788101
458,manokwari,-0.8667,134.0833,25.96,75,100,1.52,ID,1738788102
459,willmar,45.1219,-95.0433,-7.03,68,75,9.26,US,1738788103
460,morki,56.4303,48.9947,-11.8,94,100,1.81,RU,1738788104
461,vila franca do campo,37.7167,-25.4333,18.27,99,100,2.0,PT,1738788105
462,paranaiba,-19.6772,-51.1908,26.84,72,100,1.7,BR,1738788106
463,gardiner,44.2301,-69.7753,-7.32,43,0,4.12,US,1738788107
464,colonia,50.9333,6.95,4.36,92,100,0.51,DE,1738788109
465,kamaishi,39.2667,141.8833,-3.4,70,46,10.42,JP,1738788110
466,la passe,45.5549,-0.8967,7.51,80,51,5.66,FR,1738788111
467,hadibu,12.65,54.0333,22.01,71,2,4.45,YE,1738788112
468,kas,36.2018,29.6377,6.7,45,14,3.87,TR,1738788113
469,guarapari,-20.6667,-40.4975,25.97,76,1,6.35,BR,1738788115
470,menongue,-14.6585,17.691,18.35,95,99,1.66,AO,1738788116
471,burang,30.25,81.1667,-18.26,79,50,4.19,CN,1738788117
472,lebu,-37.6167,-73.65,19.0,74,1,3.83,CL,1738788118
473,porto murtinho,-21.6989,-57.8825,37.97,29,24,6.35,BR,1738788120
474,quinte west,44.1834,-77.5662,-7.26,58,20,1.54,CA,1738788121
475,homyel',52.4345,30.9754,-2.01,86,100,6.0,BY,1738788122
476,gornyye klyuchi,45.25,133.5,-18.36,97,100,2.69,RU,1738788124
477,pristen',51.2355,36.6959,-3.05,93,95,5.07,RU,1738788125
478,sisteron,44.1876,5.9462,4.52,78,2,2.31,FR,1738788126
479,saint-hyacinthe,45.6168,-72.9491,-13.32,58,100,4.58,CA,1738788127
480,corrientes,-27.4806,-58.8341,40.55,38,40,4.12,AR,1738788129
481,zambezi,-13.5432,23.1047,19.08,97,100,1.42,ZM,1738788130
482,songea,-10.6833,35.65,18.78,96,100,0.99,TZ,1738788131
483,isangel,-19.55,169.2667,27.25,82,100,3.13,VU,1738788132
484,yakeshi,49.2833,120.7333,-37.07,100,100,1.22,CN,1738787950
485,vilalba,43.3,-7.6833,6.48,97,73,1.8,ES,1738788134
486,rundu,-17.9333,19.7667,22.37,66,37,1.62,NA,1738788135
487,kudahuvadhoo,2.6708,72.8944,27.43,70,20,5.07,MV,1738788136
488,bermeo,43.4209,-2.7215,9.77,82,4,1.64,ES,1738788137
489,kilindoni,-7.9139,39.6668,27.16,79,100,7.99,TZ,1738788138
490,bonthe,7.5264,-12.505,25.26,78,13,4.27,SL,1738788140
491,oranjemund,-28.55,16.4333,17.14,84,20,9.47,NA,1738788141
492,malango,-2.9627,119.9001,18.87,92,100,1.53,ID,1738788142
493,jamundi,3.2607,-76.535,26.12,67,81,0.73,CO,1738788143
494,taltal,-25.4,-70.4833,21.43,73,34,2.24,CL,1738788144
495,fukuecho,32.6881,128.8419,3.23,72,100,9.17,JP,1738788083
496,elliot lake,46.3834,-82.6331,-7.06,82,100,2.97,CA,1738788146
497,chandbali,20.7833,86.7667,22.57,88,68,3.03,IN,1738788147
498,umunede,6.2637,6.3116,26.4,70,88,2.57,NG,1738788149
499,angaur state,6.906,134.13,27.32,82,100,6.51,PW,1738788150
500,koshekhabl',44.8972,40.5119,0.58,65,100,6.44,RU,1738788151
501,terrace,54.5163,-128.6035,-10.05,62,20,6.17,CA,1738788152
502,thunder bay,48.4001,-89.3168,-10.01,37,75,1.54,CA,1738788153
503,constantia,44.1833,28.65,-2.39,63,25,6.03,RO,1738788154
504,okanagan,50.3639,-119.35,-11.6,42,48,1.43,CA,1738788155
505,bichena,10.45,38.2,15.99,35,59,1.75,ET,1738788158
506,grand gaube,-20.0064,57.6608,27.43,86,3,4.05,MU,1738788159
507,jayapura,-2.5333,140.7,23.66,92,100,1.65,ID,1738788160
508,taoudenni,22.6783,-3.9836,18.0,16,0,6.24,ML,1738788161
509,plasencia,40.0312,-6.0885,6.03,75,2,1.46,ES,1738788162
510,lethem,3.3803,-59.7968,32.28,46,100,5.58,GY,1738788163
511,linxia chengguanzhen,35.6003,103.2064,-10.93,88,100,1.71,CN,1738788164
512,guacimo,10.2104,-83.6807,29.79,55,6,3.6,CR,1738788165
513,pemba,-12.974,40.5178,24.92,90,100,3.93,MZ,1738788166
514,moyale,3.5167,39.0584,22.6,40,32,6.28,KE,1738788168
515,shalqar,47.8333,59.6,-9.99,89,63,5.48,KZ,1738788169
516,mccook,40.2019,-100.6257,-2.97,74,100,5.14,US,1738788170
517,palmer,42.1584,-72.3287,-1.92,34,20,4.12,US,1738788171
518,kayangel,8.0823,134.7173,27.76,81,100,8.27,PW,1738788172
519,hailsham,50.8622,0.2578,7.08,86,100,0.89,GB,1738788173
520,greymouth,-42.4667,171.2,18.28,72,100,0.8,NZ,1738788174
521,huilong,31.8111,121.655,-0.35,58,26,1.89,CN,1738788175
522,mount darwin,-16.7725,31.5838,20.42,74,100,0.79,ZW,1738788176
523,makinsk,52.6292,70.4169,-9.5,95,100,4.83,KZ,1738788178
524,khachrod,23.4167,75.2833,13.37,35,0,3.91,IN,1738788179
525,prokop'yevsk,53.9059,86.719,-20.56,97,6,2.34,RU,1738788180
526,barguzin,53.6167,109.6167,-28.41,95,85,1.08,RU,1738788181
527,bouza,14.4229,6.0428,23.47,12,15,3.45,NE,1738788182
528,nueva guinea,11.6876,-84.4562,25.26,85,83,7.11,NI,1738788183
529,valparaiso,-33.0393,-71.6273,30.13,35,0,9.77,CL,1738788184
530,magadan,59.5667,150.8,-22.75,72,1,3.18,RU,1738788185
531,dawei,14.0833,98.2,21.56,94,88,1.99,MM,1738788186
532,koysinceq,36.0821,44.6278,7.9,81,100,4.73,IQ,1738788188
533,zeribet el oued,34.6828,6.5111,14.94,49,88,0.98,DZ,1738788189
534,san elizario,31.5851,-106.2728,26.6,11,0,6.17,US,1738788190
535,shasta lake,40.6804,-122.3708,9.4,62,100,0.45,US,1738788191
536,bel ombre,-4.6167,55.4167,26.91,78,40,1.03,SC,1738788192
537,nar'yan-mar,67.6713,53.087,-9.83,93,79,6.91,RU,1738788193
538,santa barbara,34.7333,-120.0343,12.31,56,100,3.09,US,1738788194
539,mana,5.6592,-53.7767,25.53,88,97,4.62,GF,1738788197
540,san jose del cabo,23.0589,-109.6977,26.6,27,0,6.17,MX,1738788198
541,boaco,12.4722,-85.6586,27.8,58,100,9.04,NI,1738788200
542,oyo,7.85,3.9333,27.79,62,34,2.84,NG,1738788201
543,tinajo,29.0788,-13.7081,16.49,72,20,6.17,ES,1738788202
544,rawlins,41.7911,-107.2387,8.94,43,75,12.35,US,1738788203
545,barao de cocais,-19.9458,-43.4872,22.95,69,40,2.02,BR,1738788204
546,aripuana,-9.1667,-60.6333,25.97,95,72,1.09,BR,1738788206
547,new plymouth,-39.0667,174.0833,22.12,100,44,1.08,NZ,1738788018
548,sretensk,52.2453,117.7093,-32.84,100,72,0.07,RU,1738788208
549,la junta,37.985,-103.5438,22.16,16,0,13.89,US,1738788209
550,nurota,40.5614,65.6886,4.09,48,0,1.1,UZ,1738788211
551,tailai,46.3833,123.4,-25.79,97,100,1.93,CN,1738788212
552,jeddah,21.5169,39.2192,25.92,78,20,2.57,SA,1738787807
553,zhangjiakou,40.81,114.8794,-11.37,57,19,4.47,CN,1738787930
554,chibougamau,49.9168,-74.3659,-16.21,66,20,5.66,CA,1738788215
555,alesund,62.4723,6.1549,6.08,75,75,5.14,NO,1738788217
556,clarksville,36.5298,-87.3595,11.92,88,100,2.57,US,1738788219
557,murashi,59.3999,48.9615,-15.08,99,97,1.17,RU,1738788220
558,cestos city,5.46,-9.5828,26.93,83,9,4.65,LR,1738788221
559,nema,57.5067,50.5011,-13.24,96,100,1.75,RU,1738788222
560,forster,-32.1667,152.5167,20.77,97,80,1.5,AU,1738788223
561,abu jibeha,11.4562,31.2285,26.96,22,21,4.58,SD,1738788224
562,mata-utu,-13.2816,-176.1745,28.56,67,81,3.05,WF,1738788226
563,laojunmiao,39.8333,97.7333,-11.25,42,61,2.86,CN,1738788227
564,wurtulla,-26.7568,153.1256,23.36,94,100,0.89,AU,1738788228
565,ilhabela,-23.7781,-45.3581,26.6,84,95,0.34,BR,1738788229
566,morehead city,34.7229,-76.726,10.58,76,100,7.15,US,1738788230
567,ak-suu,42.4995,78.527,-7.3,57,85,4.32,KG,1738788231
568,narra,9.3167,118.4,23.9,88,37,2.75,PH,1738788232
569,tortoli,39.9256,9.6572,10.54,71,100,0.89,IT,1738788233
570,reggane,26.7158,0.1714,16.38,27,0,6.78,DZ,1738788234
571,okha,53.5739,142.9478,-3.13,86,100,12.37,RU,1738788236
572,soe,-9.8607,124.284,18.91,92,91,1.64,ID,1738788237
573,montepuez,-13.1256,38.9997,21.61,99,100,1.03,MZ,1738788238
574,brisas de zicatela,15.8369,-97.0419,30.29,70,0,3.6,MX,1738788239
575,puerto aysen,-45.4,-72.7,11.86,97,100,2.19,CL,1738788240
